city,state
Sydney,New South Wales
Melbourne,Victoria
Brisbane,Queensland
Perth,Western Australia
Adelaide,South Australia
Gold Coast,Queensland
Canberra,Australian Capital Territory
Newcastle,New South Wales
Wollongong,New South Wales
Geelong,Victoria
Hobart,Tasmania
Townsville,Queensland
Ipswich,Queensland
Cairns,Queensland
Toowoomba,Queensland
Darwin,Northern Territory
Ballarat,Victoria
Bendigo,Victoria
Launceston,Tasmania
Mackay,Queensland
Rockhampton,Queensland
Maitland,New South Wales
Bunbury,Western Australia
Coffs Harbour,New South Wales
Bundaberg,Queensland
Wagga Wagga,New South Wales
Hervey Bay,Queensland
Shepparton,Victoria
Albury,New South Wales
Port Macquarie,New South Wales
Pakenham,Victoria
Tamworth,New South Wales
Caloundra,Queensland
Orange,New South Wales
Dubbo,New South Wales
Geraldton,Western Australia
Nowra,New South Wales
Bathurst,New South Wales
Queanbeyan,New South Wales
Frankston,Victoria
Sunbury,Victoria
Warrnambool,Victoria
Wodonga,Victoria
Albany,Western Australia
Gladstone,Queensland
Mildura,Victoria
Southport,Queensland
Dandenong,Victoria
Kalgoorlie,Western Australia
Mount Gambier,South Australia
Lismore,New South Wales
Maryborough,Queensland
Quakers Hill,New South Wales
Gawler,South Australia
Caboolture,Queensland
Ballina,New South Wales
Taree,New South Wales
Traralgon,Victoria
Busselton,Western Australia
Armidale,New South Wales
Goulburn,New South Wales
Alice Springs,Northern Territory
Devonport,Tasmania
Bacchus Marsh,Victoria
Whyalla,South Australia
Cessnock,New South Wales
Gympie,Queensland
Griffith,New South Wales
Kwinana,Western Australia
Burnie,Tasmania
Wangaratta,Victoria
Grafton,New South Wales
Yeppoon,Queensland
Murray Bridge,South Australia
Mount Isa,Queensland
Narangba,Queensland
Mount Eliza,Victoria
Broken Hill,New South Wales
Nerang,Queensland
Karratha,Western Australia
Mount Barker,South Australia
Horsham,Victoria
Lara,Victoria
Singleton,New South Wales
Port Lincoln,South Australia
Banora Point,New South Wales
Warwick,Queensland
Rochedale,Queensland
Kempsey,New South Wales
Ulladulla,New South Wales
Sale,Victoria
Echuca,Victoria
Australind,Western Australia
Broome,Western Australia
Port Hedland,Western Australia
Warragul,Victoria
Port Pirie,South Australia
Barwon Heads,Victoria
Emerald,Queensland
Ulverstone,Tasmania
Morwell,Victoria
Gisborne,Victoria
Port Augusta,South Australia
Forster,New South Wales
Penrith,New South Wales
Torquay,Victoria
Jimboomba,Queensland
Lithgow,New South Wales
Bowral,New South Wales
Goonellabah,New South Wales
Raymond Terrace,New South Wales
Leopold,Victoria
Dalby,Queensland
Campbelltown,New South Wales
Colac,Victoria
Muswellbrook,New South Wales
Esperance,Western Australia
Drouin,Victoria
Rutherford,New South Wales
Nelson Bay,New South Wales
Inverell,New South Wales
Parkes,New South Wales
Somerville,Victoria
Gracemere,Queensland
Batemans Bay,New South Wales
Nambour,Queensland
Swan Hill,Victoria
Mareeba,Queensland
Corinda,Queensland
Samford,Queensland
Mudgee,New South Wales
Casino,New South Wales
Portland,Victoria
Kingston,Tasmania
Kingaroy,Queensland
Kangaroo Flat,Victoria
Bowen,Queensland
Young,New South Wales
Cowra,New South Wales
Hamilton,Victoria
Gunnedah,New South Wales
Mount Evelyn,Victoria
Andergrove,Queensland
Moree,New South Wales
Benalla,Victoria
Currumbin,Queensland
Wollert,Victoria
Mittagong,New South Wales
Kelso,New South Wales
Yanchep,Western Australia
Bentley,Western Australia
Moe,Victoria
Ayr,Queensland
Moranbah,Queensland
Leeton,New South Wales
Moss Vale,New South Wales
Wallan,Victoria
Springwood,New South Wales
Lesmurdie,Western Australia
Forbes,New South Wales
Emu Plains,New South Wales
Rye,Victoria
Darley,Victoria
Ararat,Victoria
Tweed Heads,New South Wales
Highfields,Queensland
Charters Towers,Queensland
Melton,Victoria
Katoomba,New South Wales
Kilmore,Victoria
Mooroopna,Victoria
Yarrawonga,Victoria
Maryborough,Victoria
Deniliquin,New South Wales
Mandurah,Western Australia
Bli Bli,Queensland
Kiama,New South Wales
Narre Warren North,Victoria
Narrabri,New South Wales
Bairnsdale,Victoria
Clifton Springs,Victoria
North Tamborine,Queensland
Bargara,Queensland
Kingscliff,New South Wales
Healesville,Victoria
Fremantle,Western Australia
Blaxland,New South Wales
Atherton,Queensland
Kyabram,Victoria
Innisfail,Queensland
Sanctuary Point,New South Wales
Collie,Western Australia
Gatton,Queensland
Merrimac,New South Wales
Murwillumbah,New South Wales
Urraween,Queensland
Kyneton,Victoria
Bongaree,Queensland
Roma,Queensland
Mount Cotton,Queensland
Cootamundra,New South Wales
Beerwah,Queensland
Castlemaine,Victoria
Pottsville,New South Wales
Cooma,New South Wales
Gordonvale,Queensland
Lysterfield,Victoria
Bomaderry,New South Wales
Chinchilla,Queensland
Northam,Western Australia
Yass,New South Wales
Strathalbyn,South Australia
Burpengary,Queensland
Waterford,Queensland
Lennox Head,New South Wales
Beaudesert,Queensland
Margaret River,Western Australia
Helensburgh,New South Wales
Goondiwindi,Queensland
Seymour,Victoria
Nambucca Heads,New South Wales
Nuriootpa,South Australia
Wauchope,New South Wales
Tumut,New South Wales
Wentworthville,New South Wales
Tuncurry,New South Wales
Glen Innes,New South Wales
Yamba,New South Wales
Wentworth Falls,New South Wales
South Grafton,New South Wales
Kurri Kurri,New South Wales
Stawell,Victoria
Cobram,Victoria
Wynyard,Tasmania
Naracoorte,South Australia
North Mackay,Queensland
Cannington,Western Australia
Concord,New South Wales
Woodend,Victoria
Dromana,Victoria
Emerald,Victoria
Biloela,Queensland
Alstonville,New South Wales
Cannonvale,Queensland
Point Vernon,Queensland
Palmwoods,Queensland
Scone,New South Wales
Whittlesea,Victoria
East Ballina,New South Wales
Sarina,Queensland
Byron Bay,New South Wales
Granville,New South Wales
Corowa,New South Wales
Richmond,New South Wales
Cooranbong,New South Wales
Bullsbrook,Western Australia
Inverloch,Victoria
New Norfolk,Tasmania
Stanthorpe,Queensland
Wingham,New South Wales
West Tamworth,New South Wales
Irymple,Victoria
Dunsborough,Western Australia
Kununurra,Western Australia
Smithfield Heights,Queensland
Woolgoolga,New South Wales
Bannockburn,Victoria
Maffra,Victoria
Tannum Sands,Queensland
Ocean Shores,New South Wales
Howard Springs,Northern Territory
Leongatha,Victoria
Worragee,New South Wales
Tahmoor,New South Wales
Red Cliffs,Victoria
Glenbrook,New South Wales
McMinns Lagoon,Northern Territory
Kiama Downs,New South Wales
Lyndhurst,Victoria
Wonthaggi,Victoria
Junee,New South Wales
Pinjarra,Western Australia
Encounter Bay,South Australia
Nairne,South Australia
Cowes,Victoria
Picton,New South Wales
Salamander Bay,New South Wales
Lakes Entrance,Victoria
Mansfield,Victoria
Churchill,Victoria
Bucasia,Queensland
Strathfield,New South Wales
Boyne Island,Queensland
Blackwater,Queensland
Millicent,South Australia
Oakey,Queensland
Temora,New South Wales
Narromine,New South Wales
Ningi,Queensland
Bega,New South Wales
Mount Low,Queensland
Leura,New South Wales
Renmark,South Australia
South West Rocks,New South Wales
Tanunda,South Australia
Kadina,South Australia
Newman,Western Australia
Glenella,Queensland
Roxby Downs,South Australia
Numurkah,Victoria
Korumburra,Victoria
Rasmussen,Queensland
Tatura,Victoria
Carnarvon,Western Australia
Romsey,Victoria
Blackheath,New South Wales
Bargo,New South Wales
Old Bar,New South Wales
Narrandera,New South Wales
Ingham,Queensland
Manjimup,Western Australia
George Town,Tasmania
Wyong,New South Wales
Broadford,Victoria
Drysdale,Victoria
Narrogin,Western Australia
Cockatoo,Victoria
Victor Harbor,South Australia
Oxford Park,Queensland
Moama,New South Wales
Bungendore,New South Wales
Latrobe,Tasmania
Curl Curl,New South Wales
Beachmere,Queensland
Berri,South Australia
Wellington,New South Wales
Tenterfield,New South Wales
Thirlmere,New South Wales
Legana,Tasmania
Faulconbridge,New South Wales
The Entrance,New South Wales
Cobar,New South Wales
Wallaroo,South Australia
Moruya,New South Wales
Gerringong,New South Wales
Sandstone Point,Queensland
Tambourine,Queensland
Margate,Tasmania
Trafalgar,Victoria
Somerset,Tasmania
Marian,Queensland
Weipa,Queensland
Kerang,Victoria
Westbrook,Queensland
Smithton,Tasmania
Longford,Tasmania
Karana Downs,Queensland
Beechworth,Victoria
Penguin,Tasmania
Anna Bay,New South Wales
Loxton,South Australia
Pearcedale,Victoria
Landsborough,Queensland
Laidley,Queensland
Wonga Park,Victoria
Peregian Beach,Queensland
Cooroy,Queensland
Bellingen,New South Wales
Riddell,Victoria
Suffolk Park,New South Wales
Buninyong,Victoria
Weston,New South Wales
Katanning,Western Australia
Bellbrae,Victoria
Sawtell,New South Wales
Silverdale,New South Wales
Tallebudgera,Queensland
Bay View,New South Wales
Portarlington,Victoria
Nanango,Queensland
Logan Village,Queensland
Glass House Mountains,Queensland
Sussex Inlet,New South Wales
Proserpine,Queensland
Merimbula,New South Wales
Scarness,Queensland
Port Douglas,Queensland
Gosford,New South Wales
Bridgewater,South Australia
Lake Cathie,New South Wales
Condobolin,New South Wales
Paynesville,Victoria
Woodford,Queensland
Maddingley,Victoria
Hurstbridge,Victoria
Quirindi,New South Wales
Maleny,Queensland
Calliope,Queensland
Corrimal,New South Wales
Walkerston,Queensland
Blayney,New South Wales
Camperdown,Victoria
Aldgate,South Australia
Port Fairy,Victoria
Tyabb,Victoria
Lowood,Queensland
Charleville,Queensland
Derby,Western Australia
Mooloolah,Queensland
Pittsworth,Queensland
Vincentia,New South Wales
Coonabarabran,New South Wales
Euroa,Victoria
Oberon,New South Wales
Woombye,Queensland
Nhulunbuy,Northern Territory
Camden,New South Wales
Murrumbateman,New South Wales
Fernvale,Queensland
East Hills,New South Wales
Bohle Plains,Queensland
Junortoun,Victoria
Myrtleford,Victoria
Crib Point,Victoria
Marcoola,Queensland
Mullumbimby,New South Wales
Creswick,Victoria
Clare,South Australia
Tura Beach,New South Wales
Eden,New South Wales
West Wyalong,New South Wales
Gilgandra,New South Wales
Yunderup,Western Australia
Rochester,Victoria
McLaren Vale,South Australia
Miners Rest,Victoria
Robinvale,Victoria
Wilton,New South Wales
Riverview,Queensland
Bogangar,New South Wales
Shoalhaven Heads,New South Wales
Saint George,Queensland
Little Hampton,South Australia
Clermont,Queensland
Home Hill,Queensland
Central Coast,New South Wales
Kuranda,Queensland
Wilberforce,New South Wales
Tom Price,Western Australia
Urunga,New South Wales
Dysart,Queensland
Two Rocks,Western Australia
Ballan,Victoria
Gloucester,New South Wales
Bonny Hills,New South Wales
Longreach,Queensland
Stirling,South Australia
Perth,Tasmania
Bordertown,South Australia
Lewiston,South Australia
Waroona,Western Australia
Leschenault,Western Australia
Terranora,New South Wales
Kapunda,South Australia
Woori Yallock,Victoria
Saint Georges Basin,New South Wales
Pomona,Queensland
Sorell,Tasmania
Tea Gardens,New South Wales
Culburra,New South Wales
Yarra Glen,Victoria
Beaconsfield Upper,Victoria
Morisset,New South Wales
Merredin,Western Australia
Deloraine,Tasmania
Evans Head,New South Wales
Rosewood,Queensland
Greta,New South Wales
Wollongbar,New South Wales
Donnybrook,Western Australia
McCrae,Victoria
Angle Vale,South Australia
Bridgetown,Western Australia
North Wonthaggi,Victoria
Heathcote,Victoria
Howlong,New South Wales
Williamstown,South Australia
Harvey,Western Australia
Coonamble,New South Wales
Uralla,New South Wales
Bundanoon,New South Wales
Cloncurry,Queensland
Tolga,Queensland
Huonville,Tasmania
Merbein,Victoria
Alexandra,Victoria
Waikerie,South Australia
Point Lonsdale,Victoria
Hill Top,New South Wales
Stirling North,South Australia
Hahndorf,South Australia
Berry,New South Wales
Burnett Heads,Queensland
Moore Park,Queensland
Burradoo,New South Wales
Mannum,South Australia
Wooroloo,Western Australia
Crookwell,New South Wales
Appin,New South Wales
Cooloola Cove,Queensland
Cooktown,Queensland
Jindabyne,New South Wales
Maclean,New South Wales
Stratford,Victoria
Lawson,New South Wales
Thursday Island,Queensland
Woodside,South Australia
Narooma,New South Wales
Macksville,New South Wales
Molong,New South Wales
Grenfell,New South Wales
Yarrabah Aboriginal Community,Queensland
Denmark,Western Australia
Bonville,New South Wales
Walcha,New South Wales
Manilla,New South Wales
Yarra Junction,Victoria
Daylesford,Victoria
York,Western Australia
Anglesea,Victoria
Kambalda,Western Australia
Lobethal,South Australia
The Oaks,New South Wales
Gulgong,New South Wales
Finley,New South Wales
Capel,Western Australia
Korora,New South Wales
Exmouth,Western Australia
Boonah,Queensland
Saint Leonards,Victoria
Vasse,Western Australia
Aberdare,New South Wales
Bunyip,Victoria
Dodges Ferry,Tasmania
Palm Island,Queensland
Cohuna,Victoria
Bright,Victoria
Hay,New South Wales
Launching Place,Victoria
Tully,Queensland
Huntly,Victoria
Rutherglen,Victoria
Murgon,Queensland
Scottsdale,Tasmania
Baranduda,Victoria
Moore,New South Wales
Goolwa,South Australia
Gembrook,Victoria
Port Moonta,South Australia
Warracknabeal,Victoria
Abermain,New South Wales
Beveridge,Victoria
Willunga,South Australia
Maningrida,Northern Territory
Innes Park,Queensland
Tara,Queensland
Wickham,Western Australia
Terang,Victoria
Sandy Beach,New South Wales
Lightning Ridge,New South Wales
Port Keats,Northern Territory
Hadspen,Tasmania
Balnarring,Victoria
Canowindra,New South Wales
Tin Can Bay,Queensland
Tuross Head,New South Wales
Emerald Beach,New South Wales
Jindera,New South Wales
Yandina,Queensland
Freeling,South Australia
Meringandan,Queensland
Agnes Water,Queensland
Mount Clear,Victoria
Coolamon,New South Wales
Mirboo North,Victoria
Kyogle,New South Wales
Saint Arnaud,Victoria
Lismore Heights,New South Wales
Toogoom,Queensland
Ravenswood,Western Australia
Coldstream,Victoria
Baxter,Victoria
Crows Nest,Queensland
Nyngan,New South Wales
Ceduna,South Australia
Walgett,New South Wales
Alice River,Queensland
Yarram,Victoria
Lower Chittering,Western Australia
Kootingal,New South Wales
Gowrie Junction,Queensland
Port Elliot,South Australia
Angaston,South Australia
Aberdeen,New South Wales
Mid Sapphire Beach,New South Wales
Wee Waa,New South Wales
One Mile,Queensland
Saint Helens,Tasmania
Burrum Heads,Queensland
Koroit,Victoria
Cundletown,New South Wales
Heddon Greta,New South Wales
Macedon,Victoria
Bellbird,New South Wales
Murrumburrah,New South Wales
Buxton,New South Wales
Guyra,New South Wales
Dungog,New South Wales
Freshwater,Queensland
Port Sorell,Tasmania
Bangalow,New South Wales
Emu Park,Queensland
Cedar Grove,Queensland
Orbost,Victoria
Warburton,Victoria
Westbury,Tasmania
Longwarry,Victoria
Lyndoch,South Australia
Nimbin,New South Wales
Wahroonga,New South Wales
Clarence Town,New South Wales
Heyfield,Victoria
Branxton,New South Wales
Camden Haven,New South Wales
Malanda,Queensland
Gayndah,Queensland
Wallerawang,New South Wales
Freemans Reach,New South Wales
Wondai,Queensland
Mount Morgan,Queensland
Wattleglen,Victoria
Winchelsea,Victoria
Dayboro,Queensland
Mossman,Queensland
Dalmeny,New South Wales
Moonee Beach,New South Wales
Malua Bay,New South Wales
Tongala,Victoria
Two Wells,South Australia
Eumundi,Queensland
Curra,Queensland
Barmera,South Australia
Middlemount,Queensland
Bourke,New South Wales
Dennington,Victoria
Mount Barker,Western Australia
Mulwala,New South Wales
Balaklava,South Australia
Cowaramup,Western Australia
Moura,Queensland
Kilcoy,Queensland
Windsor,New South Wales
Nagambie,Victoria
Nathalia,Victoria
Gleneagle,Queensland
Nhill,Victoria
Robertson,New South Wales
Tumbarumba,New South Wales
Ceduna,Tasmania
Withcott,Queensland
Oakdale,New South Wales
Foster,Victoria
Cobden,Victoria
Jacobs Well,Queensland
Redbank,Queensland
Wyreema,Queensland
Lower King,Western Australia
Mount Crosby,Queensland
Woorim,Queensland
Chidlow,Western Australia
Craignish,Queensland
Wagin,Western Australia
Barooga,New South Wales
Yackandandah,Victoria
Queenstown,Tasmania
Kingscote,South Australia
Denman,New South Wales
Kambalda West,Western Australia
Raworth,New South Wales
Garfield,Victoria
Campbells Creek,Victoria
Batehaven,New South Wales
Moora,Western Australia
Park Ridge,Queensland
Coober Pedy,South Australia
Jurien Bay,Western Australia
Merriwa,New South Wales
Miles,Queensland
Olinda,Victoria
Brunswick Heads,New South Wales
Mount Compass,South Australia
Dimboola,Victoria
Clunes,Victoria
Heywood,Victoria
Kooralbyn,Queensland
Teesdale,Victoria
Iluka,New South Wales
Broulee,New South Wales
Holbrook,New South Wales
Drayton,Queensland
Nullagine,Western Australia
Esk,Queensland
Gulmarrad,New South Wales
Corindi Beach,New South Wales
Gundagai,New South Wales
Tathra,New South Wales
North Haven,New South Wales
Spreyton,Tasmania
Boambee,New South Wales
Casterton,Victoria
Pine Mountain,Queensland
Somers,Victoria
Tailem Bend,South Australia
Milton,New South Wales
Sutton,New South Wales
Wy Yung,Victoria
Rosedale,Victoria
Millgrove,Victoria
Braidwood,New South Wales
Yarragon,Victoria
Kingston South East,South Australia
Belgrave South,Victoria
Boorowa,New South Wales
Jamberoo,New South Wales
Yaroomba,Queensland
Colo Vale,New South Wales
Kleinton,Queensland
Chiltern,Victoria
Apollo Bay,Victoria
Plainland,Queensland
Sorrento,Victoria
Warialda,New South Wales
Yea,Victoria
Lang Lang,Victoria
Childers,Queensland
Cambooya,Queensland
Werris Creek,New South Wales
Bowen Mountain,New South Wales
Tooradin,Victoria
Bridport,Tasmania
Chinderah,New South Wales
Mapleton,Queensland
Millmerran,Queensland
Badger Creek,Victoria
Jamestown,South Australia
Cygnet,Tasmania
Basin View,New South Wales
Sheffield,Tasmania
Curlewis,Victoria
Walloon,Queensland
Devon Meadows,Victoria
Halls Creek,Western Australia
Yallourn North,Victoria
Mirani,Queensland
Beaufort,Victoria
River Heads,Queensland
Yenda,New South Wales
Rockbank,Victoria
Bermagui,New South Wales
Kinglake,Victoria
Crescent Head,New South Wales
Tocumwal,New South Wales
Nyora,Victoria
Gol Gol,New South Wales
Cumbalum,New South Wales
Allansford,Victoria
Hatton Vale,Queensland
Barham,New South Wales
Ferny Creek,Victoria
Crystal Brook,South Australia
Maldon,Victoria
Little Grove,Western Australia
Donald,Victoria
Longford,Victoria
Katherine,Northern Territory
Lake Cargelligo,New South Wales
Drummond Cove,Western Australia
Jensen,Queensland
Tumby Bay,South Australia
Inverleigh,Victoria
Culcairn,New South Wales
Burrill Lake,New South Wales
Hillston,New South Wales
Richmond,Tasmania
Cooran,Queensland
Clifton,Queensland
Metung,Victoria
Booral,Queensland
Oakhurst,Queensland
Gooburrum,Queensland
Wentworth,New South Wales
Long Beach,New South Wales
Bingara,New South Wales
Table Top,New South Wales
Bulahdelah,New South Wales
Barcaldine,Queensland
Blackall,Queensland
Peterborough,South Australia
Marong,Victoria
Karuah,New South Wales
Port Denison,Western Australia
Barraba,New South Wales
Toodyay,Western Australia
Doomadgee,Queensland
Ripley,Queensland
Ravenshoe,Queensland
Hindmarsh,South Australia
Frederickton,New South Wales
Warren,New South Wales
Bombala,New South Wales
Paraburdoo,Western Australia
Dongara,Western Australia
Streaky Bay,South Australia
Mortlake,Victoria
Surfside,New South Wales
Meadows,South Australia
Wallington,Victoria
Douglas Park,New South Wales
Howard,Queensland
Bagdad,Tasmania
Alligator Creek,Queensland
Macclesfield,South Australia
Wundowie,Western Australia
Kalbarri,Western Australia
Corryong,Victoria
Hay Point,Queensland
Evandale,Tasmania
Balranald,New South Wales
Kurrajong Heights,New South Wales
Quindalup,Western Australia
Mount Macedon,Victoria
Rushworth,Victoria
Coleambally,New South Wales
Waterview Heights,New South Wales
Little River,Victoria
Bywong,New South Wales
Sharon,Queensland
Queenscliff,Victoria
Kandos,New South Wales
Valla Beach,New South Wales
Batlow,New South Wales
Chewton,Victoria
Penola,South Australia
Cardwell,Queensland
Glenden,Queensland
Neerim South,Victoria
Geeveston,Tasmania
Renmark West,South Australia
Birdwood,South Australia
Beaconsfield,Tasmania
Fitzroy Crossing,Western Australia
Coolah,New South Wales
Seven Mile Beach,Tasmania
Toogoolawah,Queensland
Alton Downs,Queensland
Coraki,New South Wales
Ranelagh,Tasmania
Serpentine,Western Australia
Mundubbera,Queensland
Berrigan,New South Wales
Hanwood,New South Wales
San Remo,Victoria
Lucknow,Victoria
Millthorpe,New South Wales
Babinda,Queensland
Mount Dandenong,Victoria
Rainbow Beach,Queensland
Langwarrin,Victoria
Collinsville,Queensland
Silvan,Victoria
Jandowae,Queensland
Wongaling Beach,Queensland
Warragamba,New South Wales
Henty,New South Wales
The Rock,New South Wales
Smiths Lake,New South Wales
Mundijong,Western Australia
Aldavilla,New South Wales
Canungra,Queensland
Binningup,Western Australia
Hawks Nest,New South Wales
Allora,Queensland
Beauty Point,Tasmania
Dunedoo,New South Wales
Boyanup,Western Australia
Buronga,New South Wales
Valley Heights,New South Wales
Normanton,Queensland
Greenwell Point,New South Wales
Airlie Beach,Queensland
Hamilton Island,Queensland
Eden Park,Victoria
Timboon,Victoria
Witta,Queensland
Coominya,Queensland
Snug,Tasmania
Raglan,New South Wales
Boddington,Western Australia
Berridale,New South Wales
Nelly Bay,Queensland
Haddon,Victoria
Avoca,Victoria
Jarrahdale,Western Australia
Dorrigo,New South Wales
Ouyen,Victoria
Monto,Queensland
Glenview,Queensland
Bindoon,Western Australia
Trentham,Victoria
Marulan,New South Wales
Ardrossan,South Australia
Kinglake West,Victoria
Kojonup,Western Australia
Yerrinbool,New South Wales
Bamaga,Queensland
Beverley,Western Australia
Darlington Point,New South Wales
Oatlands,Tasmania
Middleton,South Australia
Aldershot,Queensland
Gordon,Victoria
Menangle,New South Wales
Gundaroo,New South Wales
Brewarrina,New South Wales
Kendall,New South Wales
Cunnamulla,Queensland
Hughenden,Queensland
Indented Head,Victoria
Quorn,South Australia
Boggabri,New South Wales
Tieri,Queensland
Cherbourg,Queensland
Moonbi,New South Wales
Monash,South Australia
Bowraville,New South Wales
McLaren Flat,South Australia
Carlton,Tasmania
Meningie,South Australia
Bakers Hill,Western Australia
Eudlo,Queensland
Carisbrook,Victoria
Lorne,Victoria
South Murwillumbah,New South Wales
Wurruk,Victoria
Cressy,Tasmania
Echunga,South Australia
Augusta,Western Australia
Cowell,South Australia
Peak Hill,New South Wales
Yungaburra,Queensland
Paringa,South Australia
Dampier,Western Australia
Burra,South Australia
Springsure,Queensland
Minlaton,South Australia
Yulara,Northern Territory
Wahgunyah,Victoria
Ellalong,New South Wales
Moorooduc,Victoria
Mylor,South Australia
Nicholson,Victoria
Franklin,Tasmania
Eagle Point,Victoria
Brandon,Queensland
Kersbrook,South Australia
Kalbar,Queensland
Minden,Queensland
Parsons Point,Queensland
Tinonee,New South Wales
Julatten,Queensland
Robe,South Australia
Kew,New South Wales
Greenock,South Australia
Bouldercombe,Queensland
Glengarry,Victoria
Mollymook,New South Wales
Tallangatta,Victoria
Briagolong,Victoria
Jabiru,Northern Territory
Puckapunyal,Victoria
Keith,South Australia
Balhannah,South Australia
Cabarlah,Queensland
Tomerong,New South Wales
Yarraman,Queensland
Mallacoota,Victoria
Panton Hill,Victoria
Sassafras Gully,Victoria
Lockhart,New South Wales
Coutts Crossing,New South Wales
Helidon,Queensland
Nana Glen,New South Wales
Gin Gin,New South Wales
Gin Gin,Queensland
Charlton,Victoria
Dimbulah,Queensland
Avenel,Victoria
Lawrence,New South Wales
Lower Beechmont,New South Wales
Mulambin,Queensland
Elliott Heads,Queensland
Bluewater,Queensland
Murrurundi,New South Wales
Riverton,South Australia
Port Broughton,South Australia
Smythesdale,Victoria
Goombungee,Queensland
Mitchell,Queensland
Maitland,South Australia
Coleraine,Victoria
Jerilderie,New South Wales
Yellow Rock,New South Wales
Yallingup,Western Australia
Bucca,Queensland
Mount Pleasant,South Australia
Wesburn,Victoria
Nome,Queensland
Lethbridge,Victoria
Nar Nar Goon,Victoria
Capella,Queensland
The Palms,Queensland
Millfield,New South Wales
Dunbogan,New South Wales
Tomakin,New South Wales
Currie,Tasmania
